	{ 
		
		"black": [
			
				{
					"density": 2, "friction": 0, "bounce": 0, 
					"filter": { "categoryBits": 1, "maskBits": 65535 },
					"shape": [   10, 0  ,  17.8999996185303, 2.89999961853027  ,  20.7000007629395, 10.1999998092651  ,  17.7999992370605, 17.9000000953674  ,  10, 21  ,  3, 17.9000000953674  ,  0, 10  ,  2.90000009536743, 2.60000038146973  ]
				}   ,
				{
					"density": 2, "friction": 0, "bounce": 0, 
					"filter": { "categoryBits": 1, "maskBits": 65535 },
					"shape": [   15, 21  ,  6, 21  ,  0, 15  ,  0, 6  ,  6, 0  ,  15, 0  ,  21, 6  ,  21, 15  ]
				}  
		]
		
	}