	{ 
		
		"table": [
			
				{
					"density": 2, "friction": 0, "bounce": 0, 
					"filter": { "categoryBits": 1, "maskBits": 65535 },
					"shape": [   403, 436.5  ,  397.5, 431.25  ,  395.25, 425.75  ,  426.5, 426.25  ,  425, 432.75  ,  420.5, 436.5  ,  412, 440  ]
				}  ,
				{
					"density": 2, "friction": 0, "bounce": 0, 
					"filter": { "categoryBits": 1, "maskBits": 65535 },
					"shape": [   787.75, 53  ,  761.75, 33.5  ,  769.75, 26.75  ,  791, 28  ,  794.75, 34.25  ,  795.25, 41.5  ,  793.25, 48.5  ]
				}  ,
				{
					"density": 2, "friction": 0, "bounce": 0, 
					"filter": { "categoryBits": 1, "maskBits": 65535 },
					"shape": [   32.1428565979004, 32.1428527832031  ,  46, 26.7142944335938  ,  53.7142868041992, 28.5714416503906  ,  82, 49  ,  47, 72  ,  29, 49  ,  28, 40  ]
				}  ,
				{
					"density": 2, "friction": 0, "bounce": 0, 
					"filter": { "categoryBits": 1, "maskBits": 65535 },
					"shape": [   428, 31.25  ,  396, 30  ,  405.25, 18.5  ,  412, 17  ,  418, 18  ,  425, 23  ,  428, 27  ]
				}  ,
				{
					"density": 2, "friction": 0, "bounce": 0, 
					"filter": { "categoryBits": 1, "maskBits": 65535 },
					"shape": [   784.5, 24  ,  791, 28  ,  769.75, 26.75  ,  777, 23  ]
				}  ,
				{
					"density": 2, "friction": 0, "bounce": 0, 
					"filter": { "categoryBits": 1, "maskBits": 65535 },
					"shape": [   31.75, 414.75  ,  33, 408  ,  81, 409.75  ,  60.75, 426.5  ,  48.75, 431  ,  42, 430  ,  36, 426  ,  32.25, 420.75  ]
				}  ,
				{
					"density": 2, "friction": 0, "bounce": 0, 
					"filter": { "categoryBits": 1, "maskBits": 65535 },
					"shape": [   788, 430  ,  781, 434  ,  774, 434  ,  767, 431  ,  761, 424  ,  791.25, 409.25  ,  793.25, 416.25  ,  793.25, 422.5  ]
				}  ,
				{
					"density": 2, "friction": 0, "bounce": 0, 
					"filter": { "categoryBits": 1, "maskBits": 65535 },
					"shape": [   400, 22  ,  405.25, 18.5  ,  396, 30  ,  397, 25.5  ]
				}  ,
				{
					"density": 2, "friction": 0, "bounce": 0, 
					"filter": { "categoryBits": 1, "maskBits": 65535 },
					"shape": [   771, 76  ,  752.75, 40.75  ,  761.75, 33.5  ,  787.75, 53  ]
				}  ,
				{
					"density": 2, "friction": 0, "bounce": 0, 
					"filter": { "categoryBits": 1, "maskBits": 65535 },
					"shape": [   771, 76  ,  767, 89  ,  738.5, 50  ,  752.75, 40.75  ]
				}  ,
				{
					"density": 2, "friction": 0, "bounce": 0, 
					"filter": { "categoryBits": 1, "maskBits": 65535 },
					"shape": [   46, 26.7142944335938  ,  32.1428565979004, 32.1428527832031  ,  40, 27  ]
				}  ,
				{
					"density": 2, "friction": 0, "bounce": 0, 
					"filter": { "categoryBits": 1, "maskBits": 65535 },
					"shape": [   428, 31.25  ,  452.5, 49.25  ,  364, 406  ,  354, 406  ,  368, 50  ,  396, 30  ]
				}  ,
				{
					"density": 2, "friction": 0, "bounce": 0, 
					"filter": { "categoryBits": 1, "maskBits": 65535 },
					"shape": [   767, 89  ,  767, 369  ,  727, 52  ,  738.5, 50  ]
				}  ,
				{
					"density": 2, "friction": 0, "bounce": 0, 
					"filter": { "categoryBits": 1, "maskBits": 65535 },
					"shape": [   753, 419.5  ,  746.25, 413.5  ,  791.25, 409.25  ,  761, 424  ]
				}  ,
				{
					"density": 2, "friction": 0, "bounce": 0, 
					"filter": { "categoryBits": 1, "maskBits": 65535 },
					"shape": [   372.75, 409.5  ,  440, 417.25  ,  433.5, 422  ,  426.5, 426.25  ,  395.25, 425.75  ]
				}  ,
				{
					"density": 2, "friction": 0, "bounce": 0, 
					"filter": { "categoryBits": 1, "maskBits": 65535 },
					"shape": [   82, 49  ,  93, 52  ,  52, 79  ,  47, 72  ]
				}  ,
				{
					"density": 2, "friction": 0, "bounce": 0, 
					"filter": { "categoryBits": 1, "maskBits": 65535 },
					"shape": [   137, 52  ,  55.1428565979004, 89.4285583496094  ,  52, 79  ,  93, 52  ]
				}  ,
				{
					"density": 2, "friction": 0, "bounce": 0, 
					"filter": { "categoryBits": 1, "maskBits": 65535 },
					"shape": [   49.25, 386.75  ,  94, 406  ,  81, 409.75  ,  33, 408  ]
				}  ,
				{
					"density": 2, "friction": 0, "bounce": 0, 
					"filter": { "categoryBits": 1, "maskBits": 65535 },
					"shape": [   53, 380  ,  94, 406  ,  49.25, 386.75  ]
				}  ,
				{
					"density": 2, "friction": 0, "bounce": 0, 
					"filter": { "categoryBits": 1, "maskBits": 65535 },
					"shape": [   55, 371  ,  94, 406  ,  53, 380  ]
				}  ,
				{
					"density": 2, "friction": 0, "bounce": 0, 
					"filter": { "categoryBits": 1, "maskBits": 65535 },
					"shape": [   55.1428565979004, 109.142852783203  ,  137, 52  ,  356, 52  ,  354, 406  ,  94, 406  ,  55, 371  ]
				}  ,
				{
					"density": 2, "friction": 0, "bounce": 0, 
					"filter": { "categoryBits": 1, "maskBits": 65535 },
					"shape": [   767, 369  ,  727, 406  ,  463, 406  ,  461, 52  ,  727, 52  ]
				}  ,
				{
					"density": 2, "friction": 0, "bounce": 0, 
					"filter": { "categoryBits": 1, "maskBits": 65535 },
					"shape": [   137, 52  ,  55.1428565979004, 109.142852783203  ,  55.1428565979004, 89.4285583496094  ]
				}  ,
				{
					"density": 2, "friction": 0, "bounce": 0, 
					"filter": { "categoryBits": 1, "maskBits": 65535 },
					"shape": [   737, 408.5  ,  774.75, 386.5  ,  788.75, 405.25  ,  791.25, 409.25  ,  746.25, 413.5  ]
				}  ,
				{
					"density": 2, "friction": 0, "bounce": 0, 
					"filter": { "categoryBits": 1, "maskBits": 65535 },
					"shape": [   737, 408.5  ,  769.5, 378.75  ,  774.75, 386.5  ]
				}  ,
				{
					"density": 2, "friction": 0, "bounce": 0, 
					"filter": { "categoryBits": 1, "maskBits": 65535 },
					"shape": [   737, 408.5  ,  727, 406  ,  767, 369  ,  769.5, 378.75  ]
				}  ,
				{
					"density": 2, "friction": 0, "bounce": 0, 
					"filter": { "categoryBits": 1, "maskBits": 65535 },
					"shape": [   372.75, 409.5  ,  364, 406  ,  452.5, 49.25  ,  461, 52  ,  453.75, 407.25  ,  447, 412.75  ,  440, 417.25  ]
				}  ,
				{
					"density": 2, "friction": 0, "bounce": 0, 
					"filter": { "categoryBits": 1, "maskBits": 65535 },
					"shape": [   368, 50  ,  354, 406  ,  356, 52  ]
				}  ,
				{
					"density": 2, "friction": 0, "bounce": 0, 
					"filter": { "categoryBits": 1, "maskBits": 65535 },
					"shape": [   453.75, 407.25  ,  461, 52  ,  463, 406  ]
				}  
		]
		
	}